,OBD cost,OBD reward_det,OBD cost_Stoch,OBD reward_Stoc,OBS cost,OBS reward
0,49.760153111353645,414.0,60.87600480000001,270.62647476359285,60.87600480000001,270.62647476359285
