Operator,tableRow,EntryTime,ExitTime
operator1,1.000000,0.000000,20.103582
operator2,2.000000,0.000000,20.863486
operator3,3.000000,0.000000,20.371976
